URL,Extracted Text
https://bluegoatcyber.com/blog/defending-against-ping-icmp-attacks/,"Ping (ICMP) attacks are a common form of cyber threat that can have serious consequences for individuals and businesses alike. In this article, we will explore the nature of these attacks, their potential damage, and, most importantly, how to defend against them. Understanding the basics of ping attacks and implementing preventive measures can significantlyenhance your network securityand protect yourself from potential threats.
The first step in defending against ping attacks is understanding what they are and how they work. Ping, or the Internet Control Message Protocol (ICMP) is a network utility that tests the connectivity between two devices. It sends an echo request message to the target device and waits for a reply. While typically used for diagnostic purposes, ICMP can also be exploited by malicious actors to launch attacks.
At its core, a ping (ICMP) attack floods a target device with ICMP echo request messages, overwhelming its resources and causing it to slow down or even crash. By repeatedly sending large volumes of pings, attackers can consume bandwidth, disrupt network operations, and disrupt legitimate traffic.
When an ICMP echo request message is sent to a target device, it expects a corresponding ICMP echo reply message. However, in a ping attack, the attacker may spoof the source IP address, making it difficult for the target device to send the reply to the correct destination. This can lead to further disruption and confusion in the network.
One common type of ICMP attack is the “Ping of Death,” where the attacker sends oversized ICMP packets to the target device. These oversized packets can cause buffer overflows, leading to system crashes or vulnerabilities that can be exploited for unauthorized access.
The potential damage caused by ICMP attacks can be significant. In addition to disrupting network operations, these attacks can be used as a smokescreen for othermalicious activities, such as data theft or unauthorized access. Furthermore, prolonged ping attacks can cause hardware failure, resulting in costly repairs and downtime.
ICMP attacks can also have cascading effects on other network devices. For example, if a target device becomes overwhelmed with ICMP traffic, it may start dropping legitimate packets, affecting the overall performance and reliability of the network. This can lead to frustrated users, decreased productivity, and potential business financial losses.
Defending against ICMP attacks requires a multi-layered approach. Network administrators can implement traffic filtering rules to block suspicious ICMP traffic and limit the impact of such attacks. Intrusion detection and prevention systems can also be deployed to detect and mitigate ICMP attacks in real-time.
Furthermore, network monitoring tools can help identify unusual patterns of ICMP traffic, allowing administrators to take proactive measures to prevent or mitigate potential attacks. Regular software updates and patches should also be applied to network devices to address any known vulnerabilities that ICMP attacks could exploit.
By understanding the basics of ICMP attacks and implementing appropriate security measures, organizations can better protect their networks and minimize the potential damage caused by these malicious activities.
To defend against ping attacks effectively, it is important to understand how they work and the techniques that attackers commonly employ.
A ping attack, also known as an ICMP flood attack, is a type of cyber attack that aims to overwhelm a target’s network by flooding it with ICMP echo requests. These requests are typically sent from a botnet, which is a network of compromised devices controlled by the attacker.
Ping attacks typically involve the use of botnets, which are networks of compromised devices controlled by the attacker. The attacker sends commands to these devices, instructing them to flood a target with ICMP echo requests. By distributing the attack across multiple devices, the attacker can amplify its impact, making it more difficult to mitigate.
When a device receives an ICMP echo request, it responds with an ICMP echo reply. In a ping attack, the attacker sends a large number of these requests to the target, overwhelming its network capacity and causing it to slow down or even crash. This can result in service disruptions, loss of data, and financial losses for the target.
One of the reasons why ping attacks are so effective is because ICMP traffic is typically allowed by default on most networks. This means that attackers can easily exploit this protocol to launch their attacks without being detected.
There are several common techniques that attackers use to enhance the effectiveness of their ping attacks. These include IP spoofing, where the attacker disguises their true IP address, and fragmentation, where the attack traffic is split into smaller packets to bypass network defenses.
IP spoofing is a technique that allows attackers to send ICMP echo requests with a forged source IP address. By doing this, the attacker can make it appear as if the requests are coming from a legitimate source, making it more difficult for network administrators to identify and block the attack.
Fragmentation is another technique commonly used in ping attacks. By splitting the attack traffic into smaller packets, the attacker can evade detection by network defenses that are designed to block large packets. This technique allows the attacker to bypass security measures and successfully flood the target’s network with ICMP echo requests.
In addition to IP spoofing and fragmentation, attackers may also use other techniques such as amplification and reflection to increase the impact of their ping attacks. Amplification involves exploiting vulnerabilities in certain network protocols to generate a larger response from the target, effectively amplifying the attack. Reflection attacks, on the other hand, involve using third-party servers to bounce the attack traffic off them, making it harder to trace the source of the attack.
Overall, ping attacks are a serious threat to network security and can cause significant damage if not properly defended against. Understanding the anatomy of these attacks and the techniques used by attackers is crucial in developing effective defense strategies.
Recognizing the signs of a potential ping attack is crucial for prompt detection and response. By monitoring your network and being vigilant for suspicious activity, you can minimize the damage caused by these attacks.
A ping attack, also known as an ICMP flood attack, is a type of Denial of Service (DoS) attack that targets network devices by overwhelming them with a large volume of Internet Control Message Protocol (ICMP) packets. These packets are typically used for network diagnostics, but attackers can exploit them to disrupt network operations.
Now, let’s dive deeper into the signs that may indicate a potential ping attack:
Some common signs that your network may be experiencing a ping attack include sudden network congestion, increased latency, and unresponsiveness of critical devices. When a ping attack occurs, the targeted devices become overwhelmed with ICMP packets, causing a significant increase in network traffic. This sudden surge in traffic can lead to congestion, resulting in slow network performance and increased latency.
In addition to network congestion and increased latency, unresponsiveness of critical devices is another red flag. During a ping attack, the targeted devices may become overloaded, causing them to freeze or become unresponsive. This can have severe consequences, especially if the affected devices are crucial for the operation of your network.
Another sign to watch out for is an increase in incoming ICMP traffic. ICMP packets are used for various network diagnostic purposes, such as ping requests and error reporting. However, during a ping attack, the volume of incoming ICMP traffic may skyrocket. Monitoring your network traffic and observing a sudden surge in ICMP packets can indicate an ongoing attack.
Various network security tools can be deployed to aid in the detection of ICMP attacks. Intrusion detection systems (IDS) and intrusion prevention systems (IPS) are commonly used to monitor network traffic for suspicious patterns and take action to block malicious activity.
An IDS analyzes network traffic in real-time, searching for known attack signatures or abnormal behavior. When it detects a potential ping attack, it can raise an alert or automatically trigger countermeasures to mitigate the attack. On the other hand, an IPS goes a step further by actively blocking or filtering malicious traffic, preventing it from reaching its intended target.
In addition to IDS and IPS, network monitoring tools can provide real-time insights into network performance and help identify anomalies indicative of a ping attack. These tools monitor various network parameters, such as bandwidth utilization, packet loss, and latency. By establishing baselines and comparing current network behavior against these baselines, network administrators can quickly identify any abnormal patterns that may indicate an ongoing ping attack.
Overall, by staying vigilant and utilizing the right network security tools, you can detect and respond to ping attacks effectively, minimizing their impact on your network infrastructure.
The best defense against ping attacks is a proactive approach that includes implementing preventive measures to strengthen your network security.
Ping attacks, also known as ICMP flood attacks, can overwhelm a network by flooding it with Internet Control Message Protocol (ICMP) echo request packets. These attacks can result in network congestion, decreased performance, and even network downtime. To protect your network from such attacks, it is crucial to take preventive measures.
Configuring your network in a secure manner can significantly reduce the risk of ping attacks. Implementing firewalls and access control lists (ACLs) can restrict ICMP traffic and prevent unauthorized devices from sending ping requests. By carefully defining rules and policies, you can control the flow of ICMP traffic and minimize the potential impact of ping attacks.
Furthermore, segmenting your network can limit the impact of an attack and prevent the lateral spread of threats. By dividing your network into smaller subnets, you can isolate different departments or devices, creating barriers that prevent an attack from affecting the entire network. This segmentation strategy enhances network security and makes it more challenging for attackers to exploit vulnerabilities.
Complementing your network configuration, deploying robust security software can further fortify your defenses against ping attacks. Antivirus programs, firewalls, and intrusion prevention systems should be regularly updated to ensure they can effectively identify and mitigate evolving threats.
Antivirus programs play a vital role in detecting and removing malware that may be used in conjunction with ping attacks. By scanning incoming and outgoing network traffic, these programs can identify malicious code and prevent it from infiltrating your network.
Firewalls act as a barrier between your internal network and the external world, monitoring and controlling network traffic based on predetermined security rules. They can be configured to block ICMP traffic or limit the number of ICMP packets allowed per second, effectively mitigating the impact of ping attacks.
Intrusion prevention systems (IPS) are designed to detect and prevent unauthorized access to your network. They analyze network traffic in real-time, looking for patterns and signatures associated with known attacks. By continuously monitoring network activity, IPS can identify and block ICMP flood attacks, ensuring the integrity and availability of your network.
Regularly updating your security software is essential to stay ahead of emerging threats. Cybercriminals are constantly developing new attack techniques, and by keeping your security software up to date, you can ensure that it is equipped to detect and mitigate the latest ping attack variants.
In the unfortunate event that your network becomes the target of a ping attack, a swift and effective response is crucial to mitigate its impact and prevent further damage.
A ping attack, also known as an ICMP flood attack, is a type of cyber attack where the attacker overwhelms a target network with a large number of Internet Control Message Protocol (ICMP) echo requests, commonly known as “pings.” These attacks can cause network congestion, slow down network performance, and potentially lead to service disruptions.
When faced with a ping attack, it is essential to act quickly. To minimize the damage, consider implementing traffic filtering measures to block the attack traffic. This can be done by configuring firewalls or intrusion prevention systems (IPS) to drop or rate-limit ICMP traffic. By selectively allowing only legitimate ICMP traffic, you can effectively mitigate the impact of the attack.
Additionally, consider informing your internet service provider (ISP) to assist in mitigating the attack at the network level. ISPs have the capability to filter and block attack traffic closer to its source, preventing it from reaching your network altogether. Collaborating with your ISP can significantly enhance your defense against ping attacks.
During a ping attack, it is crucial to gather as much information as possible about the attack. Monitor network traffic using network monitoring tools or intrusion detection systems (IDS) to identify the source IP addresses and the volume of attack traffic. This information can help you understand the scale of the attack and make informed decisions regarding mitigation strategies.
Furthermore, consider implementing rate-limiting measures to control the amount of ICMP traffic allowed into your network. By setting thresholds for the number of ICMP packets per second, you can prevent your network from being overwhelmed by the attack. However, it is essential to strike a balance between blocking attack traffic and allowing legitimate ICMP traffic to pass through.
Remember to document all relevant information about the attack, such as timestamps, IP addresses, and any observed patterns. This documentation will be valuable during the post-attack investigation and can aid in identifying the attackers and their motives.
Once the attack has been neutralized, it is important to conduct a thorough investigation to identify the source of the attack and any potential vulnerabilities that may have been exploited. Analyzing logs and network traffic captures can provide valuable insights into the attack vectors used and the techniques employed by the attackers.
Engage your network security team or a trusted cybersecurity professional to assist in the investigation. They can help analyze the attack data, identify any compromised systems, and recommend remediation steps to prevent similar attacks in the future.
In addition to investigating the attack, it is crucial to review and update your network security measures. Patch any known vulnerabilities in your network devices and applications to prevent attackers from exploiting them in future attacks. Regularly update your firewall rules and intrusion prevention systems to stay protected against evolving attack techniques.
Furthermore, consider implementing network segmentation to isolate critical systems from the rest of the network. By separating sensitive assets, such as servers and databases, from the general network, you can limit the potential impact of future attacks.
In conclusion, defending against ping (ICMP) attacks requires a combination of understanding their nature, implementing proactive preventive measures, and conducting thorough post-attack procedures. By staying vigilant, monitoring your network, and taking prompt action when necessary, you can greatly enhance your network security and protect against this common form of cyber threat.
If your business is seeking to fortify its defenses against Ping (ICMP) attacks, Blue Goat Cyber is here to help. As a Veteran-Owned business specializing in a comprehensive range of B2B cybersecurity services, including medical device cybersecurity, penetration testing, and compliance with HIPAA, FDA, SOC 2, and PCI standards, we are dedicated to securing your operations against cyber threats.Contact us today for cybersecurity helpand partner with a team that’s passionate about protecting your business and products from attackers."
https://www.howtouselinux.com/post/ping-icmp,"By:AuthorDavid Cao
Posted onLast updated:July 8, 2023
CategoriesLinux
Ping is a tool commonly used to find the status of a device on a network. Ping is based on theICMP protocol. When a Ping process request is sent out as an ICMP echo to the target device, it replies with an ICMP echo reply if the device is available.
Table of Contents
ping is used to send a test packet, or echo packet, to a device to find out whether it is reachable and how long the packet takes to reach the device. There are two important purposes.
Ping command is a simple way to check whether we have access to the particular host. But this method works only if ICMP and ping is enabled in that network. If ICMP is disabled, we can not get a proper response.
Get Your Free Linux training!
$ ping google.comPING google.com (172.217.194.139): 56 data bytes64 bytes from 172.217.194.139: icmp_seq=0 ttl=100 time=87.363 ms64 bytes from 172.217.194.139: icmp_seq=1 ttl=100 time=89.754 ms64 bytes from 172.217.194.139: icmp_seq=2 ttl=100 time=90.045 ms^C--- google.com ping statistics ---4 packets transmitted, 3 packets received, 25.0% packet lossround-trip min/avg/max/stddev = 87.363/89.054/90.045/1.202 ms
The ping command can also be used to check forpacket loss.When you run the ping command, it sends a series of packets to the specified destination and waits for a response.
If any of the packets are lost or do not receive a response, the ping command will report the percentage of packets lost.
For example, if you run the ping command and it reports “0% packet loss,” that means all of the packets that were sent were received successfully. However, if it reports “10% packet loss,” that means 10% of the packets that were sent did not receive a response and were lost.
So, the ping command is a useful tool forchecking network connectivity and identifying any packet loss issuesthat may be affecting your connection.
In some scenarios, we may want to use -s to increase the packet size from the default value of 64 bytes.
For example, to increase the packet size to 1000 bytes:
ping -s 1000 google.com
ICMP (Internet Control Message Protocol) is a protocol used by network devices, such as routers and hosts, to communicate error messages and operational information about the network.
It is an integral part of the Internet Protocol (IP) suite and is used by various network diagnostic tools such as ping, traceroute, and pathping.
ICMP messages are typically used for network troubleshooting and management, helping to identify and resolve issues related to network connectivity, packet loss, and latency.
In this part, we will explore ICMP in detail, including its message format, types, and examples of how it is used in practice.
ICMP is part of IP, and it relies on IP to transmit its messages. ICMP contains a relatively small header that changes depending on its purpose. The ICMP header contains the following fields:
Let’s see an example of ICMP packet.
00 0c 29 f8 1c 7c 00 0c 29 23 c1 05 08 00 45 0000 3c 02 04 00 00 80 01 6a 2e c0 a8 01 01 c0 a801 02 08 00 28 b6 7c 01 00 00 00 00 09 00 00 0000 00 00 00 00 10 11 12 13 14 15 16 17 18 19 1a1b 1c 1d 1e 1f 20 21 22 23 24 25 26 27 28 29 2a2b 2c 2d 2e 2f 30 31 32 33 34 35 36 37
This is a hexadecimal dump of the packet. ICMP packets are often used for diagnostic or error reporting purposes in networking.
In this example, the packet contains the following fields:
Each ICMP message has a specific type and code that determines its purpose.
The type field defines the general category of the ICMP message, while the code field provides additional information about the specific message type.
For example, an ICMP message with type 3 (Destination Unreachable) might have a code of 0 (Net Unreachable) or 1 (Host Unreachable) to further specify the reason for the error.
We can use thistcpdump commandto filter all ping packets. Here we use eth0 network interface in all our examples. Please change it based on the environment.
# tcpdump -i eth0 icmp
To filter ICMP echo-requests, we can use this tcpdump command.
# tcpdump -i eth0 ""icmp[0] == 8""
These are the packets we get captured with tcpdump command.
14:37:14.555295 IP 10.79.101.23 > 108.177.125.101: ICMP echo request, id 61205, seq 0, length 6414:37:15.557948 IP 10.79.101.23 > 108.177.125.101: ICMP echo request, id 61205, seq 1, length 6414:37:16.562905 IP 10.79.101.23 > 108.177.125.101: ICMP echo request, id 61205, seq 2, length 64
Here are 5 common ping command options with examples:
“-c” option: This option specifies the number of packets to send. For example, to send 5 packets, you can use the following command:
ping -c 5 google.com
“-i” option: This option sets the interval between successive packets. For example, to send packets at an interval of 3 second, you can use the following command:
ping -i 3 google.com
-w deadline: It specifys a timeout, in seconds, before ping exits regardless of how many packets have been sent or received. In this case ping does not stop after count packet are sent, it waits either for deadline expire or until count probes are answered or for some error notification from network.
The “-W” option in the ping command specifies the timeout in seconds for each packet sent. It sets the amount of time that the ping command waits for a response after sending each packet. If a response is not received within the specified timeout period, the packet is considered lost.
Here’s an example of using the “-W” option with a timeout of 5 seconds to ping google.com:
ping -W 5 google.com
In this example, the ping command will send packets to google.com and wait for a response for up to 5 seconds for each packet. If a response is not received within 5 seconds, the packet will be considered lost and the ping command will display a message indicating the packet loss. You can adjust the timeout period by changing the value after the “-W” option.
The following is the full list of options in ping command.
Related:
Exploring ICMP Protocol with Examples
Understanding Ping Command and ICMP with Examples
Exploring ICMP Port Number with Example
Capture ICMP Packets With Tcpdump
Posted onLast updated:July 8, 2023
CategoriesLinux
What is ICMP type?
4 ways to Search Text in Files with Grep Command in Linux
5 useful Linux network troubleshooting commands - howtouselinux
Sunday 17th of December 2023
[…] ping: This command sends a small packet of data to a specified network host and measures the time it takes for the host to send a reply. […]
Recent Posts
About meI’m David, a Cloud and DevOps enthusiast with extensive experience as a Linux engineer.  I’m passionate about Linux, Python, and Bash, and I enjoy sharing my learning through technical blogging and contributing to open-source projects.
Copyright © 2025 howtouselinux  |  Trellis Framework byMediavine"
https://www.sentinelone.com/cybersecurity-101/cybersecurity/what-is-an-icmp-flood-ping-flood-ddos-attack/,"ICMP flood attacks, also known as ping floods, are a type of DDoS attack that overwhelms a target with ICMP Echo Request packets. This guide explains how these attacks work, their potential impact on network performance, and strategies for mitigation.
Learn about the tools and techniques used by attackers and how to protect your network from these disruptive threats. Understanding ICMP flood attacks is crucial for maintaining network security and availability.
ICMP Flood, also known as Ping Flood, is a type of DDoS attack that leverages the Internet Control Message Protocol (ICMP) to overwhelm a target with a large volume of network traffic. Attackers use this method to disrupt the target’s online services, making them unavailable to legitimate users.
In an ICMP Flood attack, the attacker sends a massive number of ICMP Echo Request messages to the target, overwhelming its network resources and bandwidth. As a result, the target becomes unable to process legitimate requests, causing service disruptions and outages.
There are several techniques and strategies to mitigate ICMP Flood attacks and protect your cloud infrastructure from their effects:
SentinelOne Singularity XDR is an advanced cybersecurity platform that can help you protect your cloud infrastructure.
• AI-Driven Threat Detection – SentinelOne Singularity XDR employs artificial intelligence and machine learning to detect and respond to threats in real-time. This advanced technology can identify ICMP Flood attacks and other malicious activities, enabling rapid response and mitigation.
• Network Traffic Analysis – By continuously analyzingnetworktraffic, SentinelOne Singularity XDR can help you detect unusual patterns and anomalies that may indicate an ongoing ICMP Flood attack.
• Integrated Endpoint and Cloud Security – SentinelOne Singularity XDR offers a unified endpoint and cloud security platform, providing comprehensive protection against ICMP Flood attacks and other cyber threats targeting your infrastructure.
• Automated Response and Remediation – SentinelOne Singularity XDR is designed to respond automatically to detected threats, mitigating the impact of ICMP Flood attacks and minimizing downtime for your organization.
ICMP Flood (Ping Flood) DDoS attacks can severely disrupt your online operations and compromise the security of your cloud infrastructure. By understanding the nature of these attacks and implementing effective mitigation strategies, you can minimize their impact on your organization. You can get advanced protection against ICMP Flood attacks and other cyber threats, ensuring the continued security and availability of your critical systems and data.
Stay one step ahead of cyber threats by investing in robust cybersecurity solutions. If you need help, get in touch with SentinelOne today.
Cybersecurity
Uncover what is data breach, how attacks occur, and why they threaten organizations. Explore types of data breaches, real incidents, and proven countermeasures to safeguard sensitive information.
Cybersecurity
Patch management is crucial for software security. Explore best practices for maintaining up-to-date systems and mitigating vulnerabilities.
Cybersecurity
DevSecOps incorporates security into the DevOps process. Explore how to implement security practices seamlessly within your development lifecycle.
Cybersecurity
Security Operations (SecOps) is vital for threat detection. Learn how to establish effective SecOps practices in your organization.
See how our intelligent, autonomous cybersecurity platform harnesses the power of data and AI to protect your organization now and into the future.
444 Castro StreetSuite 400Mountain View, CA 94041
+1-855-868-3733
[email protected]"
https://www.netscout.com/what-is-ddos/icmp-flood,"myNETSCOUT Login
Optimize productivity, enhance the patient care experience, and improve bottom-line with powerful healthcare IT solutions.
Whether you're a seasoned network performance professional or a novice in the industry, you're guaranteed to learn something new from the NETSCOUT blog.
NETSCOUT's latest DDoS Threat Intelligence dives into the most recent trends in DDoS adversarial tactics.
NETSCOUT's award-winning global support service.
The quality of your AI outcomes hinges on the data available. With NETSCOUT's Smart Data, ensure you have the network visibility you need to overcome the challenges of tomorrow. NETSCOUT provides the Data that Drives You.
Read the latest NETSCOUT news to stay informed on the latest updates, press, and more.
An Internet Control Message Protocol (ICMP) flood DDoS attack, also known as a Ping flood attack, is a common Denial-of-Service (DoS) attack in which an attacker attempts to overwhelm a targeted device with ICMP echo-requests (pings). Normally, ICMP echo-request and echo-reply messages are used to ping a network device in order to diagnose the health and connectivity of the device and the connection between the sender and the device.
By flooding the target with request packets, the network is forced to respond with an equal number of reply packets. This causes the target to become inaccessible to normal traffic.
Others types of ICMP request attacks may involve custom tools or code, such as hping and scapy. Attack traffic that emanates from multiple devices is consideredDistributed-Denial-of-Service (DDoS) attack. In this type ofDDoS attack, targeting network layer 3, both incoming and outgoing channels of the network are overwhelming, consuming significant bandwidth and resulting in a denial of service.
An ICMP flood DDoS attack requires that the attacker knows the IP address of the target. Attacks can be separated into three categories, determined by the target and how the IP address is resolved:
Because an ICMP flood DDoS attacks overwhelm the targeted device's network connections with bogus traffic, legitimate requests are prevented from getting through. This scenario creates the danger of DoS, or in the case of more concerted attack, DDoS. What makes thisvolumetric attackvector even more dangerous is that in the past, attackers would spoof a false IP address in order to mask the sending device.
But with today's sophisticatedbotnet attacks(especially IoT-based bots), the attackers don't even bother masking the bot's IP. Instead, they utilize an extensive network of un-spoofed bots to overwhelm the target server.
Preventing an ICMP flood DDoS attack can be accomplished by disabling the ICMP functionality of the targeted router, computer or other device. By setting your perimeter firewall to block pings, you can effectively prevent attacks launched from outside your network. It's important to note that this approach won't prevent internal attacks. Also, when usingIPv6, some ICMPv6 messages have to be permitted in order to maintain normal operations.
While eliminating the processing of the request and the Echo Reply will stop ICMP attacks, it will also make the device unresponsive to ping requests, traceroute requests, and other network activities, thus limiting the ability to diagnose server issues.
Another approach to combating ICMP attacks is to rate limit the processing of incoming ICMP messages; alternatively limit the allowed size of the ping requests. NETSCOUT'sDDoS protectionexperts can help with this mitigation and prevention.
Because a Ping Flood attack overwhelms the targeted device’s network connections with bogus traffic, legitimate requests are prevented from getting through. This scenario creates the danger of DoS, or in the case of more concerted attack, DDoS.
NETSCOUT'sArbor DDoS solutionhas been protecting the world's largest and most demanding networks from DDoS attacks for more than a decade. We strongly believe that the best way to protect your resources from modern DDoS attacks is through a multi-layer deployment of purpose-built DDoS mitigation solutions.
Only with a tightly integrated, multi-layer defense can you adequately protect your organization from the full spectrum of DDoS attacks.
NETSCOUT customers enjoy a considerable competitive advantage by getting both a micro view of their own network, via our products, combined with a macro view of global Internet traffic, viaNETSCOUT Cyber Threat Horizon, an interface to our ATLAS threat intelligence and a DDoS Attack Map visualization.
Watch this demo to learn how to how to block inbound and outbound cyber threats with NETSCOUT’s Arbor Edge Defense (AED)
Learn how NETSCOUT Arbor Sightline with Sentinel can be used to intelligently orchestrate multiple methods of DDoS attack mitigation.
Read the latest news and insights from NETSCOUT’s world-class security researchers and analysts.
© 2025 NETSCOUT"
https://www.cloudns.net/blog/what-is-an-icmp-ping-flood-attack-a-complete-guide-for-network-security/,"Written byBeloslava Petrova•April 9, 2025•12:56 pm•Uncategorized
Cybersecurity threats come in many forms, and among the most disruptive areflood attacks, which aim to overwhelm systems with excessive traffic. One such method is theICMP Ping Flood Attack, a type of Denial of Service (DoS) attack that exploits network resources by sending overwhelming numbers of ICMP Echo Request packets. Understanding how this attack works, its warning signs, and how to mitigate it is essential for anyone responsible for securing a network.
Table of Contents
AnICMP Ping Flood Attackis a type offlood attackwhere an attacker sends a large volume of ICMP Echo Request (ping) packets to a target system. The goal is to overload the target’s network bandwidth or processing capability, effectively rendering it unresponsive to legitimate traffic.
ICMP (Internet Control Message Protocol)is typically used by network devices to send error messages and operational information. Ping, a utility that uses ICMP, checks the availability of a host by sending an Echo Request and waiting for an Echo Reply. In a Ping Flood Attack, the attacker abuses this function by sending rapid, repeated ping requests without waiting for responses, consuming all available resources.
This attack can be used as a standalone DoS tactic or as part of a largerDistributed Denial of Service (DDoS)campaign.
The mechanics of an ICMP Ping Flood Attack are relatively simple but highly effective:
This type of attack doesn’t require high sophistication, making it a favored method among novice attackers and script kiddies, but it can be devastating without proper defense.
Detecting anICMP Flood DDoS Attackearly is critical to minimizing damage. Common symptoms include:
Proactivemonitoring serviceand alerting systems are vital to catch these signs before the attack escalates.
ICMP Ping Flood Attacks are dangerous for several reasons:
Suggest to read:How to improve precision and performance for VoIP service with GeoDNS
For businesses, such attacks not only affect operations but can damage customer trust and brand reputation.
ICMP Ping Flood Attacks typically target systems that are publicly accessible and lack proper rate limiting or packet filtering. Servers with exposed public IP addresses and open ICMP access are especially vulnerable, as they can be overwhelmed with Echo Requests if protections aren’t in place. VoIP gateways and SIP servers are another common target, given their sensitivity to latency and packet loss – even a moderate ICMP flood can degrade call quality or disrupt service entirely.
Edge devices such as routers and unmanaged switches without basic ICMP filtering are also at risk, as they can quickly become bottlenecks or fail under load. Small business networks, which often lack advanced DDoS mitigation tools or real-time traffic monitoring, are frequently exploited for their limited defenses. Even cloud-hosted environments can be susceptible if default configurations are left unchanged and DDoS protection isn’t properly enabled.
Building a layered defense strategy combining monitoring, prevention, and automated mitigation is your best safeguard.
TheICMP Ping Flood Attackremains a prevalent and dangerous type offlood attackthat exploits a fundamental internet protocol. Its simplicity belies its potential to disrupt and disable networks, particularly when defenses are not in place. Recognizing the signs-like abnormal ping traffic and system lag-combined with robust mitigation tactics such asICMP ping monitoring, firewall rules, and rate limiting, can help prevent your network from being taken offline by such an attack.
May 13, 2025•DDoS
May 7, 2025•Internet
April 15, 2025•DDoS,Internet,Protocols
March 25, 2025•DDoS• 2 Comments
Your email address will not be published.Required fields are marked*
Comment*
Name*
Email*
Website
Δ"
https://bobcares.com/blog/icmp-flood-attack-how-to-mitigate/,"|
Customized web hosting support solutions with 20 years of experience.
24x7x365 cloud support services for all major cloud platforms.
Premium support and management solutions for VPS providers.
Enhanced support solutions for small to hyperscale data center providers.
Efficient deployment, updates, and end-user support for SaaS companies.
Premium support solutions for VPN companies.
Comprehensive development and marketing solutions for digital agencies
Reliable end-user support and technical teams for ISP companies...
Reliable support solutions for CDN providers.
|
If you can't find the service you need, just write to us and we will figure something out.
Chat with us
|
bySushali Dasan|Feb 20, 2021
Wondering how to mitigate ICMP Flood Attack? We can help you.
Ping flood, also known as ICMP flood, is a common Denial of Service (DoS) attack in which an attacker takes down a victim’s computer by overwhelming it with ICMP echo requests, also known as pings.
When the attack traffic comes from multiple devices, the attack becomes a DDoS attack.
Here at Bobcares, we often handle such DDoS attacks as apart of ourServer Management Services.
Today let’s see the steps our Support Techs follow to mitigate this.
The Internet Control Message Protocol (ICMP) utilized during a Ping Flood attack, is an internet layer protocol used by network devices to communicate with each other.
Generally, ICMP uses echo-request and echo-reply messages to ping a network device. This is for checking the health and connectivity of the device and the connection between the sender and the device.
An ICMP request requires some server resources to process each request and to send a response. The request also requires bandwidth on both the incoming message (echo-request) and outgoing response (echo-reply).
The Ping Flood attack influences the targeted device’s ability to respond to the high number of requests. This, in turn, overloads the network connection with huge traffic.
The DDoS form of a Ping (ICMP) Flood can be split into the following steps:
1. Attacker sends many ICMP echo request packets to the target server using multiple devices.2. The targeted server then sends an ICMP echo reply packet to each requesting device’s IP address as a response.
The damaging effect of a Ping Flood is directly proportional to the number of requests made to the targeted server. Ping Flood attack traffic is symmetrical.
Following are the ways in which we can mitigate ICMP flood attack.
Firstly we can try disabling a ping flood can be accomplished by disabling the ICMP functionality of the targeted router, computer, or other devices.
We can do this by accessing the administrative interface of the device and disable its ability to send and receive any requests using the ICMP.
We must keep in mind that all network activities involving ICMP will get disabled. This will make the device unresponsive to ping requests, traceroute requests, and other network activities.
Another approach to combating ICMP attacks is to rate-limit the processing of incoming ICMP messages.
This can be commonly done using Iptables. Here we will set 1 ping per second as it is plenty for legitimate uses.
We can use the following commands:
[Need assistance?We are happy to help you]
In short, we saw how the ICMP flood attack works, along with the ways which ourSupport Techsfollow to mitigate this.
Never again lose customers to poor server speed! Let us help you.
Our server experts will monitor & maintain your server 24/7 so that it remains lightning fast and secure.
GET STARTED
Your email address will not be published.Required fields are marked*
Comment*
Name*
Email*
Submit Comment
Δ
Spend time on your business, not on your servers.
Or click here to learn more.
Find the article helpful? Subscribe to our newsletter to never miss out on useful content
OPTIMIZE TODAY
Proudly based in India and the USA.
1-800-383-5193
sales@bobcares.com
WE ARE AT
Server Management
Outsourced Support
Software Development
Application Support
Cloud
© 2025 Bobcares®. All Rights Reserved.
Bobcares uses cookies.
When you visit any website, it may store or retrieve information on your browser, mostly in the form of cookies. This information might be about you, your preferences or your device and is mostly used to make the site work as you expect it to. The information does not usually directly identify you, but it can give you a more personalized web experience.Because we respect your right to privacy, you can choose not to allow some types of cookies. Click on the different category headings to find out more and change our default settings. However, blocking some types of cookies may impact your experience of the site and the services we are able to offer.
Privacy Policy
Necessary cookies help make a website usable by enabling basic functions like page navigation and access to secure areas of the website. The website cannot function properly without these cookies.PHPSESSID - Preserves user session state across page requests.gdpr[consent_types] - Used to store user consents.gdpr[allowed_cookies] - Used to store user allowed cookies.
Cookies Used
livechat.bobcares.com
my.bobcares.com
Statistic cookies help website owners to understand how visitors interact with websites by collecting and reporting information anonymously._ga - Preserves user session state across page requests._gat - Used by Google Analytics to throttle request rate_gid - Registers a unique ID that is used to generate statistical data on how you use the website.smartlookCookie - Used to collect user device and location information of the site visitors to improve the websites User Experience.
Cookies Used
google.com
manager.smartlook.com
clarity.microsoft.com
Marketing cookies are used to track visitors across websites. The intention is to display ads that are relevant and engaging for the individual user and thereby more valuable for publishers and third party advertisers.IDE - Used by Google DoubleClick to register and report the website user's actions after viewing or clicking one of the advertiser's ads with the purpose of measuring the efficacy of an ad and to present targeted ads to the user.test_cookie - Used to check if the user's browser supports cookies.1P_JAR -  Google cookie. These cookies are used to collect website statistics and track conversion rates.NID - Registers a unique ID that identifies a returning user's device. The ID is used for serving ads that are most relevant to the user.DV - Google ad personalisation_reb2bgeo - The visitor's geographical location_reb2bloaded - Whether or not the script loaded for the visitor_reb2bref - The referring URL for the visit_reb2bsessionID - The visitor's RB2B session ID_reb2buid - The visitor's RB2B user ID
Cookies Used
doubleclick.net
google.co.in
google.com
olark.com
rb2b.com
These are essential site cookies, used by the google reCAPTCHA. These cookies use an unique identifier to verify if a visitor is human or a bot.
Cookies Used
google.com"
https://www.twingate.com/blog/glossary/icmp%20flood,"Kubernetes & ZTNA: Automating Access with the Twingate Operator
Live Webinar
May 20
Register
Try Twingate
Request a Demo
Product
Docs
Resources
Partners
Customers
Pricing
Product
Docs
Customers
Resources
Partners
Pricing
Sign in
Request Demo
Try for Free
Automating Access with the Twingate K8s Operator
Live Webinar
May 20
Register
Try Twingate
Request a Demo
Product
Docs
Customers
Resources
Partners
Pricing
Demo & Q&A: Twingate K8s Operator
Live Webinar
May 20
Register
Try Twingate
Request a Demo
Product
Docs
Customers
Resources
Partners
Pricing
Blog
/
What is an ICMP Flood? How It Works & Examples
Latest
News
Insights
Tips
Tutorials
Comparisons
Glossary
Other
Twingate Team
•
Aug 1, 2024
An ICMP Flood, also known as a Ping Flood, is a type of denial-of-service (DoS) attack that targets a network device by overwhelming it with Internet Control Message Protocol (ICMP) echo-request packets, commonly known as pings. This attack aims to consume the target's bandwidth and resources, rendering it unable to process legitimate traffic.
ICMP Floods exploit the basic functionality of ICMP, which is typically used for network diagnostics. By sending a large volume of ICMP echo-requests to the target, the attacker forces the device to respond with an equal number of echo-replies. This continuous exchange of packets can saturate the network, leading to a denial of service for legitimate users.
ICMP Flood attacks work by exploiting the Internet Control Message Protocol (ICMP) to overwhelm a target system with a high volume of echo-request packets. Attackers typically use tools or scripts to generate and send these packets at a rapid rate, aiming to saturate the target's network bandwidth and exhaust its resources.
Once the target receives these echo-requests, it is compelled to respond with an equal number of echo-replies. This continuous exchange of packets can quickly consume the target's processing power and memory, leading to a significant slowdown or complete halt in its ability to handle legitimate traffic. The attack can be further amplified by using spoofed IP addresses or botnets, making it difficult to trace the source of the flood.
Network devices such as routers and firewalls play a crucial role in handling ICMP traffic. During an ICMP Flood, these devices can become overwhelmed by the sheer volume of packets, leading to network congestion and potential service disruption. The attack not only affects the targeted device but can also impact upstream and downstream network components, causing widespread network performance issues.
Examples of ICMP Floods can vary widely, but they often involve the use of botnets to amplify the attack. For instance, attackers may leverage a network of compromised devices to send a massive volume of ICMP echo-requests to a target, overwhelming its capacity to respond. This method is particularly effective because it distributes the attack load across multiple sources, making it harder to mitigate.
Another common example involves the use of custom tools like hping or scapy to generate ICMP packets at a high rate. These tools allow attackers to craft packets with specific characteristics, such as spoofed IP addresses, to further complicate detection and response efforts. By using these tools, attackers can execute highly targeted and sophisticated ICMP Flood attacks that can cripple even robust network infrastructures.
The potential risks of suffering an ICMP Flood attack are significant and multifaceted. Here are some of the key risks:
Network Congestion:The attack can overwhelm the network with ICMP echo-requests, leading to severe bandwidth consumption and making the network inaccessible to legitimate traffic.
Service Disruption:Critical services such as web servers, email servers, and other public-facing systems can become unreachable, causing significant downtime and operational disruptions.
Resource Exhaustion:The flood of ICMP packets can exhaust the target's CPU and memory resources, leading to performance degradation or complete system crashes.
Increased Latency:The excessive load on network devices can result in higher latency, affecting the overall user experience and slowing down legitimate network activities.
Reputation Damage:Prolonged service outages and performance issues can harm the organization's reputation, leading to a loss of customer trust and potential financial losses.
Protecting against ICMP Floods requires a multi-faceted approach. Here are some effective strategies:
Rate Limiting:Implement rate limiting to control the number of ICMP packets processed by your network, reducing the impact of a flood.
Firewall Rules:Configure firewalls to block or limit ICMP traffic, especially from untrusted sources, to prevent overwhelming the network.
DDoS Mitigation Services:Utilize cloud-based DDoS mitigation services that can absorb and filter malicious traffic before it reaches your network.
Network Monitoring:Employ real-time network monitoring tools to detect unusual spikes in ICMP traffic and respond promptly.
Infrastructure Redundancy:Design your network with redundancy and failover mechanisms to ensure continuous operation even during an attack.
Rapidly implement a modern Zero Trust network that ismore secure and maintainablethan VPNs.
Try Twingate for Free
Request Demo
Blog
/
What is an ICMP Flood? How It Works & Examples
Twingate Team
•
Aug 1, 2024
An ICMP Flood, also known as a Ping Flood, is a type of denial-of-service (DoS) attack that targets a network device by overwhelming it with Internet Control Message Protocol (ICMP) echo-request packets, commonly known as pings. This attack aims to consume the target's bandwidth and resources, rendering it unable to process legitimate traffic.
ICMP Floods exploit the basic functionality of ICMP, which is typically used for network diagnostics. By sending a large volume of ICMP echo-requests to the target, the attacker forces the device to respond with an equal number of echo-replies. This continuous exchange of packets can saturate the network, leading to a denial of service for legitimate users.
ICMP Flood attacks work by exploiting the Internet Control Message Protocol (ICMP) to overwhelm a target system with a high volume of echo-request packets. Attackers typically use tools or scripts to generate and send these packets at a rapid rate, aiming to saturate the target's network bandwidth and exhaust its resources.
Once the target receives these echo-requests, it is compelled to respond with an equal number of echo-replies. This continuous exchange of packets can quickly consume the target's processing power and memory, leading to a significant slowdown or complete halt in its ability to handle legitimate traffic. The attack can be further amplified by using spoofed IP addresses or botnets, making it difficult to trace the source of the flood.
Network devices such as routers and firewalls play a crucial role in handling ICMP traffic. During an ICMP Flood, these devices can become overwhelmed by the sheer volume of packets, leading to network congestion and potential service disruption. The attack not only affects the targeted device but can also impact upstream and downstream network components, causing widespread network performance issues.
Examples of ICMP Floods can vary widely, but they often involve the use of botnets to amplify the attack. For instance, attackers may leverage a network of compromised devices to send a massive volume of ICMP echo-requests to a target, overwhelming its capacity to respond. This method is particularly effective because it distributes the attack load across multiple sources, making it harder to mitigate.
Another common example involves the use of custom tools like hping or scapy to generate ICMP packets at a high rate. These tools allow attackers to craft packets with specific characteristics, such as spoofed IP addresses, to further complicate detection and response efforts. By using these tools, attackers can execute highly targeted and sophisticated ICMP Flood attacks that can cripple even robust network infrastructures.
The potential risks of suffering an ICMP Flood attack are significant and multifaceted. Here are some of the key risks:
Network Congestion:The attack can overwhelm the network with ICMP echo-requests, leading to severe bandwidth consumption and making the network inaccessible to legitimate traffic.
Service Disruption:Critical services such as web servers, email servers, and other public-facing systems can become unreachable, causing significant downtime and operational disruptions.
Resource Exhaustion:The flood of ICMP packets can exhaust the target's CPU and memory resources, leading to performance degradation or complete system crashes.
Increased Latency:The excessive load on network devices can result in higher latency, affecting the overall user experience and slowing down legitimate network activities.
Reputation Damage:Prolonged service outages and performance issues can harm the organization's reputation, leading to a loss of customer trust and potential financial losses.
Protecting against ICMP Floods requires a multi-faceted approach. Here are some effective strategies:
Rate Limiting:Implement rate limiting to control the number of ICMP packets processed by your network, reducing the impact of a flood.
Firewall Rules:Configure firewalls to block or limit ICMP traffic, especially from untrusted sources, to prevent overwhelming the network.
DDoS Mitigation Services:Utilize cloud-based DDoS mitigation services that can absorb and filter malicious traffic before it reaches your network.
Network Monitoring:Employ real-time network monitoring tools to detect unusual spikes in ICMP traffic and respond promptly.
Infrastructure Redundancy:Design your network with redundancy and failover mechanisms to ensure continuous operation even during an attack.
Rapidly implement a modern Zero Trust network that ismore secure and maintainablethan VPNs.
Try Twingate for Free
Request Demo
Blog
Twingate Team
•
Aug 1, 2024
An ICMP Flood, also known as a Ping Flood, is a type of denial-of-service (DoS) attack that targets a network device by overwhelming it with Internet Control Message Protocol (ICMP) echo-request packets, commonly known as pings. This attack aims to consume the target's bandwidth and resources, rendering it unable to process legitimate traffic.
ICMP Floods exploit the basic functionality of ICMP, which is typically used for network diagnostics. By sending a large volume of ICMP echo-requests to the target, the attacker forces the device to respond with an equal number of echo-replies. This continuous exchange of packets can saturate the network, leading to a denial of service for legitimate users.
ICMP Flood attacks work by exploiting the Internet Control Message Protocol (ICMP) to overwhelm a target system with a high volume of echo-request packets. Attackers typically use tools or scripts to generate and send these packets at a rapid rate, aiming to saturate the target's network bandwidth and exhaust its resources.
Once the target receives these echo-requests, it is compelled to respond with an equal number of echo-replies. This continuous exchange of packets can quickly consume the target's processing power and memory, leading to a significant slowdown or complete halt in its ability to handle legitimate traffic. The attack can be further amplified by using spoofed IP addresses or botnets, making it difficult to trace the source of the flood.
Network devices such as routers and firewalls play a crucial role in handling ICMP traffic. During an ICMP Flood, these devices can become overwhelmed by the sheer volume of packets, leading to network congestion and potential service disruption. The attack not only affects the targeted device but can also impact upstream and downstream network components, causing widespread network performance issues.
Examples of ICMP Floods can vary widely, but they often involve the use of botnets to amplify the attack. For instance, attackers may leverage a network of compromised devices to send a massive volume of ICMP echo-requests to a target, overwhelming its capacity to respond. This method is particularly effective because it distributes the attack load across multiple sources, making it harder to mitigate.
Another common example involves the use of custom tools like hping or scapy to generate ICMP packets at a high rate. These tools allow attackers to craft packets with specific characteristics, such as spoofed IP addresses, to further complicate detection and response efforts. By using these tools, attackers can execute highly targeted and sophisticated ICMP Flood attacks that can cripple even robust network infrastructures.
The potential risks of suffering an ICMP Flood attack are significant and multifaceted. Here are some of the key risks:
Network Congestion:The attack can overwhelm the network with ICMP echo-requests, leading to severe bandwidth consumption and making the network inaccessible to legitimate traffic.
Service Disruption:Critical services such as web servers, email servers, and other public-facing systems can become unreachable, causing significant downtime and operational disruptions.
Resource Exhaustion:The flood of ICMP packets can exhaust the target's CPU and memory resources, leading to performance degradation or complete system crashes.
Increased Latency:The excessive load on network devices can result in higher latency, affecting the overall user experience and slowing down legitimate network activities.
Reputation Damage:Prolonged service outages and performance issues can harm the organization's reputation, leading to a loss of customer trust and potential financial losses.
Protecting against ICMP Floods requires a multi-faceted approach. Here are some effective strategies:
Rate Limiting:Implement rate limiting to control the number of ICMP packets processed by your network, reducing the impact of a flood.
Firewall Rules:Configure firewalls to block or limit ICMP traffic, especially from untrusted sources, to prevent overwhelming the network.
DDoS Mitigation Services:Utilize cloud-based DDoS mitigation services that can absorb and filter malicious traffic before it reaches your network.
Network Monitoring:Employ real-time network monitoring tools to detect unusual spikes in ICMP traffic and respond promptly.
Infrastructure Redundancy:Design your network with redundancy and failover mechanisms to ensure continuous operation even during an attack.
Solutions
Zero Trust Access
Documentation
Quick Start
Use Cases
Architecture
API
Twingate Labs
Resources
Blog
Customers
Whitepaper
Changelog
Company
About
Careers
Pricing
Partners
Terms
Privacy
Your Privacy Choices
Support
Contact Sales
Get Help
FAQ
Try for Free
Request Demo
Download
Copyright © 2025 Twingate.
macOS
Windows
Linux
Chrome
iOS
Android
Solutions
Zero Trust Access
Documentation
Quick Start
Use Cases
Architecture
API
Twingate Labs
Resources
Blog
Customers
Whitepaper
Changelog
Company
About
Careers
Pricing
Partners
Terms
Privacy
Your Privacy Choices
Support
Contact Sales
Get Help
FAQ
Try for Free
Request Demo
Download
Copyright © 2025 Twingate.
macOS
Windows
Linux
Chrome
iOS
Android
Try Twingate for Free
Request a Demo
Solutions
Zero Trust Access
Documentation
Quick Start
Use Cases
Architecture
API
Twingate Labs
Resources
Blog
Customers
Whitepaper
Changelog
Company
About
Careers
Pricing
Partners
Terms
Privacy
Your Privacy Choices
Support
Contact Sales
Get Help
FAQ
Try for Free
Request Demo
Download
Copyright © 2025 Twingate.
macOS
Windows
Linux
Chrome
iOS
Android"
https://www.itsecuritydemand.com/insights/security/menace-of-ping-flood-attacks-a-growing-network-peril/,"The rapid data transmission across interconnected networks demands superior network stability and uncompromised security. However, in the realm of cyberspace lies numerous deceptive threats, of whichping flood attackcan be named one. The content presented gradually discusses its vicious functioning, malicious kinds, paralyzing impact, and, thus, curateddetection and prevention strategies.
A ping flood, commonly referred to as an ICMP flood, constitutes a form ofdistributed denial-of-service (DDoS) attackwherein the malicious actor inundates the designated device or network with a relentless stream of request packets (pings). Such an onslaught can lead to network congestion and impede legitimate users’ access to network resources.
Understanding the intricate functioning ofping flood DDoS attackshelps to comprehend their disruptive potential in network security.
The Internet Control Message Protocol (ICMP), integral to ping flood, serves as an Internet layer protocol facilitating communication among network devices. Diagnostic tools like traceroute and ping rely on ICMP for operation. Typically, ICMP echo-request and echo-reply messages are employed to ping a network device, assessing its health and connectivity, as well as the connection between the sender and the device.
Each ICMP request necessitates server resources to process and respond, along with bandwidth for both the incoming echo-request and outgoing echo-reply messages. TheDDoS ping flood attackseeks to overwhelm the targeted device’s capacity to handle the influx of requests and/or saturate the network connection with spurious traffic. By mobilizing numerous devices in a botnet to target the same internet property or infrastructure component with ICMP requests, the attack traffic escalates significantly, potentially disrupting normalnetwork operations.
Historically, attackers often employed IP spoofing to obscure the attack’s origin. However, modern botnet attacks seldom employ IP masking, relying instead on an extensive network of un-spoofed bots to inundate a target’s resources.
Various attack strategies unleash a barrage of network traffic, flooding systems with data packets and disrupting communication channels.
A diverse array of ICMP attacks presents formidable challenges to network defense mechanisms.
This form of attack aims at routers to disrupt communication and collaboration among computers within a network. Attackers possess the internal IP address of the local router or switch.
Such aping flood attack exampletargets a particular computer within a localnetwork architecture, utilizing the precise IP address of the victim device.
Before initiating the attack, an external program is deployed to uncover the IP address of the target computer router.
Another seemingly innocuousvariation of a ping flood attack, when wielded by malicious actors, has the power to unleash chaos and disruption on unsuspecting systems.
This peculiar kind of attack enables threat actors to dispatch malformed or excessively large ICMP packets, surpassing the maximum IPv4 packet size of 65,535 bytes. This action leads to the crash or freezing of the target system as it grapples with processing the oversized packets.
Although most contemporaryoperating systemsare no longer susceptible toPing of Death attacks, a sizable ping flood employing standard-sized packets can still effectively execute a denial-of-service.
Speaking of consequences, the relentless onslaughts can overwhelm the target’s resources, rendering it unable to respond to legitimate traffic, thereby disrupting services and causing significant downtime.
The impact of ICMP attacks reverberates within the extent of network communication, posing potential vulnerabilities tonetwork and infrastructure management.
The deluge of ICMP packets absorbs a significant portion of the CPU cycles of routers, firewalls, and servers. This overload on the CPU leads to widespread performance degradation or even complete system crashes. Additionally, attempting to process the traffic ofICMP ping flood attackscan deplete available memory resources.
The immense amount of ICMP echo requests overwhelms the inbound bandwidth of the network, rendering it inaccessible for genuine users to reach network resources. Consequently, web servers, email servers, and other publicly accessible systems become inaccessible.
All services hosted on the flooded device or within the affected network segment become inaccessible due to network saturation. Websites experience timeouts,cloud-managed servicesare obstructed, and network-dependent applications cease to function correctly.
As network infrastructures become more interconnected, the threat posed by these malicious floods of ICMP packets looms larger, demanding robust combating strategies.
Devising robust mitigation strategies is paramount to combat the sophisticated nature of ICMP attacks.
Implementing this remedial measure helps regulate the quantity of ICMP echo request messages received by your network, thereby diminishing the impact ofping flood attack command.
Employing traffic filtering rules aids in the detection and obstruction of harmful ICMP traffic while permitting legitimate requests to transit uninterrupted.
Anomaly detectionsystems monitor patterns of network traffic, flagging any irregularities such as sudden spikes in ICMP traffic, which could indicate the presence of activeICMP attacks and ping floods.
Network administrators have the option to deactivate the ICMP functionality of a targeted device by configuring a firewall to restrict the device’s capability to send and receive any requests via ICMP.
Specialized anti-DDoS solutionsprevent ping flood attacksand several other forms of DDoS risks by screening out malicious traffic prior to its arrival at the targeted system.
Routers and firewalls can recognize established DDoS botnets via IP blackhole lists, promptly discarding traffic originating from them. While this practice diminishesvolumetric DDoS attacks, it may prove less effective against botnets that frequently change their IP addresses.
Ping flood attackspose a significant threat to network stability and security by burgeoning target systems with ICMP echo requests. While variations like thePing of Death attackexploit vulnerabilities in packet sizes, the core aim remains disruption. Best practices and strategies such as traffic filtering, anomaly detection, and anti-DDoS solutions are crucial for mitigation. However, vigilance is essential as attackers evolve tactics.
Understanding these attacks and their working principles, types, and defense strategies is vital for safeguarding networks against potential threats.
Delve into a comprehensive array of meticulously curatedwhitepapers centered around security, enriching your understanding and proficiency with every perusal.
Insights Desk
Insights Desk
Insights Desk
Insights Desk
Insights Desk
Insights Desk
Insights Desk
Insights Desk
Insights Desk
Insights Desk
OR
May 08, 2025
Apr 16, 2025
Apr 14, 2025
Apr 03, 2025
Apr 14, 2025
Apr 03, 2025
Apr 01, 2025
Mar 20, 2025
May 08, 2025
Feb 19, 2025
Feb 19, 2025
Feb 17, 2025
ITsecurity Demand is an online content publication platform which encourages IT security users, decision makers, business leaders, and influencers by providing a unique environment for gathering and sharing information with respect to the latest demands in all the different emerging IT security technologies that contribute towards successful and efficient business.
Our platform encourages IT security decision makers to share best practices which help them to do their jobs with greater accuracy and efficiency."
